链接,品名,价格
https://item.jd.com/10073521291629.html,传舟国行【官方直售】传舟x16十三代笔记本电脑15.6英寸高配轻薄本学生上网课设计学习商务办公游戏手提本 玫瑰粉 12G运行 128G固态硬盘,2480.00
https://item.jd.com/100039098622.html,联想笔记本电脑小新Pro16轻薄本 英特尔酷睿i5 16英寸超能本(12核标压i5 16G 512G 2.5K高刷屏)银 商务办公,4599.00
https://item.jd.com/100032149194.html,"京品电脑
华为笔记本电脑MateBook D 14 SE版 14英寸 英特尔酷睿 i5 8G+512G 轻薄本/高清护眼防眩光屏/手机互联 银",3199.00
https://item.jd.com/100042655890.html,机械革命（MECHREVO）极光Pro 15.6英寸游戏本 笔记本电脑(i7-12650H 16G 512G RTX4060 165HZ 2.5K屏),6299.00
https://item.jd.com/100052658285.html,华硕天选4 锐龙版 15.6英寸高性能电竞游戏本 笔记本电脑(新R7-7735H 16G 512G RTX4050 144Hz高色域电竞屏)灰,6083.00
https://item.jd.com/100047694264.html,惠普（HP）暗影精灵9 Intel 16.1英寸游戏本 笔记本电脑(英特尔13代酷睿i9-13900HX RTX4060 16G 1TBSSD 2.5K 240Hz),8999.00
https://item.jd.com/10062945706590.html,中柏（Jumper）笔记本电脑轻薄本2023全新款大学生上网课设计大屏高性能商务办公手提电脑游戏本 S5【4G+64G】,979.00
https://item.jd.com/100041048620.html,华为笔记本电脑MateBook D 14 SE版 14英寸 英特尔酷睿i5 16G 512G 轻薄本/护眼全面屏/手机互联 皓月银,3438.00
https://item.jd.com/100052856635.html,ThinkPad联想ThinkBook 14+ 2023款 13代酷睿i5英特尔Evo平台 14英寸标压轻薄i5-13500H 16G 512G 2.8K 90Hz,5299.00
https://item.jd.com/100055335683.html,惠普(HP)战66 六代2023酷睿15.6英寸(英特尔13代i5-1340P 16G 1T 2.5K高色域屏120HZ)高性能轻薄本电脑,4699.00
https://item.jd.com/100023681778.html,"京品电脑
荣耀MagicBook 14 锐龙版 14英寸6核锐龙R5轻薄笔记本电脑 16G大内存 512G 冰河银 多屏协同 高色域",2999.00
https://item.jd.com/100039804874.html,"京品电脑
华硕无畏Pro15 2.8K 120Hz OLED屏新锐龙标压游戏轻薄笔记本电脑(R7-6800H 16G 512G RTX3050高色域)银",4999.00
https://item.jd.com/10072184051695.html,【10万好评】德国迈为 全新官方正品,1499.00
https://item.jd.com/100044935856.html,荣耀笔记本电脑MagicBook X 16 Pro 2023 13代酷睿标压i5-13500H 16+1T 16吋高性能轻薄本 大电池 手机互联,4299.00
https://item.jd.com/100055614037.html,惠普（HP）暗影精灵9 Intel 16.1英寸游戏本 笔记本电脑(13代i5-13500HX RTX4060 16G 512GSSD 2.5K 240Hz),7799.00
https://item.jd.com/100042646056.html,惠普(HP)战66六代 锐龙版15.6英寸(2023锐龙R7-7730U 16G 1T 长续航 高色域低蓝光屏)高性能轻薄本电脑,4199.00
https://item.jd.com/100055335681.html,惠普(HP)战66 六代 2023酷睿14英寸(英特尔13代i5-1340P 16G 1T长续航 高色域低功耗)高性能轻薄本电脑,4399.00
https://item.jd.com/100052887940.html,联想笔记本电脑小新Pro16轻薄本 英特尔酷睿i5 16英寸超能本(i5-13500H 16G 1T 2.5K高刷屏)灰 商务办公学生,5499.00
https://item.jd.com/70860559521.html,【京东自营】商务笔记本本子 羊巴皮面记事本 可定制,24.00
https://item.jd.com/100011483893.html,"京品电脑
联想笔记本电脑 小新Air14 英特尔酷睿i5 14英寸轻薄本(i5 16G 512G 高色域 大电池)银 商务办公手提电脑",3499.00
https://item.jd.com/100052883927.html,联想笔记本电脑小新Pro14轻薄本 英特尔酷睿i5 14英寸超能本(13代标压i5-13500H 16G 1T 2.8K高刷屏)灰 办公游戏,5299.00
https://item.jd.com/10075937685062.html,荣耀（HONOR）荣耀笔记本电脑MagicBook V14 2.5K触控屏便携轻薄本游戏设计商务办公电脑 i5-16G+512G集显 灰 触摸屏,3298.00
https://item.jd.com/100056969359.html,联想ThinkBook 16p 英特尔酷睿i9 16英寸高性能轻薄创作本 i9-13900H 32G 1T RTX4060 3.2K 165Hz,10999.00
https://item.jd.com/100049731744.html,ThinkPad联想ThinkBook 16p 英特尔酷睿i9 16英寸轻薄游戏本NVIDIA Studio创作本 i9-13900H 16G 1T RTX4060 3.2K,9999.00
https://item.jd.com/2965041.html,齐心（Comix）笔记本子A5/122张皮面记事本 商务办公会议记事本日记本文具用品 黑色 C5902,12.90
https://item.jd.com/100057677955.html,联想笔记本电脑小新14轻薄本 英特尔酷睿i5 14英寸超薄本(高性能标压i5 16G 512G)灰 商务办公学生,3699.00
https://item.jd.com/100058570589.html,华为笔记本电脑MateBook 14 2023 13代酷睿版 i5 16G 1T 14英寸轻薄办公本/2K触控全面屏/手机互联 深空灰,5799.00
https://item.jd.com/100039675559.html,联想笔记本电脑小新Pro14轻薄本 英特尔Evo 14英寸超能本(14核标压i9 16G 512G 2.8K高刷屏)银 商务办公学生,5299.00
https://item.jd.com/10069730878276.html,联想（Lenovo） 小新Pro14 标压锐龙版 14英寸轻薄笔记本电脑 R7-6800HS 16G 512G 2.8K,4399.00
https://item.jd.com/10052684869861.html,华硕灵耀14 12核酷睿i7 2.8K OLED屏学生手提办公本笔记本电脑轻薄本商务 【推荐】酷睿i7 16G 512G 影青釉,5372.00
https://item.jd.com/10072184051695.html,【10万好评】德国迈为 全新官方正品,1499.00
https://item.jd.com/100039994558.html,惠普HP 星14 Pro 14英寸轻薄笔记本电脑(英特尔酷睿i5-12500H标压2.8K 90Hz OLED高分高刷屏 硬件护眼)月光银,4299.00
https://item.jd.com/10066998769460.html,联想笔记本电脑 2023小新品旗舰八核锐龙R7超轻薄本 15.6英寸学生游戏办公设计本 全新升级R7-5700U 16G内存 512G固态 满血性能显卡 全高清防眩光屏 全尺,3699.00
https://item.jd.com/10054631882148.html,"爱心东东
【2023英特尔+酷睿i7独显】国行4K金属笔记本电脑超薄指纹解锁商务办公设计学生游戏系能手提电脑 英特尔12代 【4K高清款】超性能本+指纹解锁 16G+512G",2188.00
https://item.jd.com/100059283191.html,机械革命无界14+锐龙版(R7-7840HS 16G 1T 2.8K 120Hz 高色域)14英寸商务办公轻薄游戏本电脑,4199.00
https://item.jd.com/100023240357.html,"京品电脑
惠普HP 星14 Pro 14英寸高性能轻薄笔记本电脑(英特尔酷睿i5-12500H标压 16G 512G 2.2K高分屏 硬件护眼)陨石灰",3999.00
https://item.jd.com/2965041.html,齐心（Comix）笔记本子A5/122张皮面记事本 商务办公会议记事本日记本文具用品 黑色 C5902,12.90
https://item.jd.com/100039356514.html,华为笔记本电脑MateBook D 14 2022 12代酷睿版 i5 16G 512G 锐炬显卡/轻薄本/14英寸护眼全面屏/手机互联 银,4199.00
https://item.jd.com/100018005951.html,"京品电脑
华为笔记本电脑MateBook D 14 SE版 14英寸 英特尔酷睿 i5 8G+512G 轻薄本/高清护眼防眩光屏/手机互联 灰",3199.00
https://item.jd.com/100020480561.html,"京品电脑
惠普(HP)战66 14英寸(英特尔酷睿i5 16G 512G 长续航 高色域低功耗屏 1年上门)高性能轻薄本电脑",3799.00
https://item.jd.com/100054118244.html,机械革命无界14Pro(i7-12650H 16G 1T 120Hz 2.8K 高色域)标压轻薄本办公商务本游戏本电脑,3999.00
https://item.jd.com/10074130097711.html,联想（Lenovo）小新16 2023酷睿版 16英寸轻薄笔记本电脑 i5-12450H 16G 512G FHD,4099.00
https://item.jd.com/10076420996748.html,七彩虹将星X15新款RTX4060系独显高清游戏本电竞笔记本电脑 将星i5-12450H/3060/15.6吋144 16G/512G/官方标配,4899.00
https://item.jd.com/100023210463.html,小米笔记本电脑 红米 RedmiBook Pro14 锐龙版 2.5K-120hz高刷屏 商务办公本(R5-6600H标压 16G-LPDDR5 512G),3299.00
https://item.jd.com/100011526087.html,"京品电脑
小米笔记本电脑 红米 RedmiBookPro 14英寸 2.5K高清屏 高性能轻薄本(R5 16G 512G 商务办公 长续航 全金属)",3299.00
https://item.jd.com/10068902253088.html,联想小新16 2023超轻薄本16英寸学习办公pro设计笔记本电脑英特尔13代酷睿十二核 i5-13500H 16G 512G 标配版 IPS 全面屏,4999.00
https://item.jd.com/100016960357.html,华为笔记本电脑MateBook D 14 2022款 14英寸 英特尔酷睿 i5 16G+512G 轻薄本/护眼全面屏/手机互联 银,3799.00
https://item.jd.com/100058570587.html,华为笔记本电脑MateBook 14 2023 13代酷睿版 i5 16G 512G 14英寸轻薄办公本/2K触控全面屏/手机互联 深空灰,5499.00
https://item.jd.com/10073092537435.html,速卡龙（SUKALONG)G4四合一Studio触屏笔记本电脑英特尔14英寸13代商务设计游戏手提本 14英寸/N5105/16+512G/4合1,2299.00
https://item.jd.com/100009464799.html,Apple MacBook Air 13.3 八核M1芯片(7核图形处理器) 8G 256G SSD 深空灰 轻薄学习办公电脑 MGN63CH/A,7999.00
https://item.jd.com/642737.html,得力(deli)12本A5/60页无线装订软抄本 记事本/ 工作笔记本子/ 日记本 文具办公用品 7650,13.60
https://item.jd.com/100043761498.html,宏碁 非凡Go 13代酷睿笔记本电脑商用办公本学生 14英寸2.8K OLED屏 Evo高性能轻薄 (i5-13500H 16G 512G)银,4098.00
https://item.jd.com/1012567.html,广博(GuangBo)A5笔记本子办公会议本记事本学生日记本软抄本 40张10本装颜色随机 GBR0790,13.70
https://item.jd.com/100052188302.html,荣耀MagicBook 15 锐龙版 15.6英寸全面屏轻薄笔记本电脑（R7 16G 512G 7nm 多屏协同）冰河银,3199.00
https://item.jd.com/100007387609.html,晨光(M&G)文具A5/40张缝线本 办公记事笔记本子 简约生活系列牛皮纸学生软抄办公本 4本装APYFJ12,9.90
https://item.jd.com/100055335673.html,惠普(HP)战66 六代2023酷睿15.6英寸(英特尔13代i5-1340P 32G 1T 2.5K高色域屏120HZ)高性能轻薄本电脑,5099.00
https://item.jd.com/10037101937905.html,华硕a豆14 14英寸高颜值学生办公轻薄本笔记本电脑 钛空银 酷睿i3 8G 512G,2899.00
https://item.jd.com/100058919629.html,惠普(HP)战99 全新4nm锐龙 15.6英寸高性能笔记本电脑设计师本 R7-7840HS 16G 1TBSSD 2.5K120Hz屏,5999.00
https://item.jd.com/100052883897.html,联想笔记本电脑小新Pro14轻薄本 英特尔酷睿i5 14英寸超能本(13代标压i5-13500H 32G 1T 2.8K高刷屏)灰 办公游戏,5799.00
https://item.jd.com/100052494058.html,华硕无畏15 2023 13代酷睿i5标压 15.6英寸144Hz高刷屏轻薄高性能笔记本电脑(i5-13500H 16G 512G 高色域)银,4399.00
